{
  "Ordinary": {
    "cost": 1,
    "winning_odds": 54,
    "win_something": 0.018637545002022336,
    "win_nothing": 0.9813624549979778,
    "Group 0": {
      "probability": 0,
      "odds": null,
      "payouts": {}
    },
    "Group 1": {
      "probability": 7.151123842018516e-8,
      "odds": 13983816,
      "payouts": {
        "Group 1": 1
      }
    },
    "Group 2": {
      "probability": 4.29067430521111e-7,
      "odds": 2330636,
      "payouts": {
        "Group 2": 1
      }
    },
    "Group 3": {
      "probability": 0.00001802083208188666,
      "odds": 55491,
      "payouts": {
        "Group 3": 1
      }
    },
    "Group 4": {
      "probability": 0.000045052080204716656,
      "odds": 22197,
      "payouts": {
        "Group 4": 1
      }
    },
    "Group 5": {
      "probability": 0.0009235676441966914,
      "odds": 1083,
      "payouts": {
        "Group 5": 1
      }
    },
    "Group 6": {
      "probability": 0.0012314235255955885,
      "odds": 812,
      "payouts": {
        "Group 6": 1
      }
    },
    "Group 7": {
      "probability": 0.016418980341274512,
      "odds": 61,
      "payouts": {
        "Group 7": 1
      }
    }
  },
  "System 7": {
    "cost": 7,
    "winning_odds": 32,
    "win_something": 0.030951780257978224,
    "win_nothing": 0.9690482197420217,
    "Group 0": {
      "probability": 1.1641364393983631e-8,
      "odds": 85900584,
      "payouts": {
        "Group 1": 1,
        "Group 2": 6
      }
    },
    "Group 1": {
      "probability": 4.889373045473126e-7,
      "odds": 2045252,
      "payouts": {
        "Group 1": 1,
        "Group 3": 6
      }
    },
    "Group 2": {
      "probability": 0.0000029336238272838754,
      "odds": 340875,
      "payouts": {
        "Group 2": 1,
        "Group 3": 1,
        "Group 4": 5
      }
    },
    "Group 3": {
      "probability": 0.00006013928845931944,
      "odds": 16628,
      "payouts": {
        "Group 3": 2,
        "Group 5": 5
      }
    },
    "Group 4": {
      "probability": 0.0001503482211482986,
      "odds": 6651,
      "payouts": {
        "Group 4": 2,
        "Group 5": 1,
        "Group 6": 4
      }
    },
    "Group 5": {
      "probability": 0.0020046429486439816,
      "odds": 499,
      "payouts": {
        "Group 5": 3,
        "Group 7": 4
      }
    },
    "Group 6": {
      "probability": 0.002672857264858642,
      "odds": 374,
      "payouts": {
        "Group 6": 3,
        "Group 7": 1
      }
    },
    "Group 7": {
      "probability": 0.026060358332371757,
      "odds": 38,
      "payouts": {
        "Group 7": 4
      }
    }
  },
  "System 8": {
    "cost": 28,
    "winning_odds": 21,
    "win_something": 0.04696028609072087,
    "win_nothing": 0.9530397139092789,
    "Group 0": {
      "probability": 9.313091515186905e-8,
      "odds": 10737573,
      "payouts": {
        "Group 1": 1,
        "Group 2": 6,
        "Group 3": 6,
        "Group 4": 15
      }
    },
    "Group 1": {
      "probability": 0.0000019091837606133156,
      "odds": 523784,
      "payouts": {
        "Group 1": 1,
        "Group 3": 12,
        "Group 5": 15
      }
    },
    "Group 2": {
      "probability": 0.000011455102563679893,
      "odds": 87297,
      "payouts": {
        "Group 2": 1,
        "Group 3": 2,
        "Group 4": 10,
        "Group 5": 5,
        "Group 6": 10
      }
    },
    "Group 3": {
      "probability": 0.00015273470084906524,
      "odds": 6547,
      "payouts": {
        "Group 3": 3,
        "Group 5": 15,
        "Group 7": 10
      }
    },
    "Group 4": {
      "probability": 0.0003818367521226631,
      "odds": 2619,
      "payouts": {
        "Group 4": 3,
        "Group 5": 3,
        "Group 6": 12,
        "Group 7": 4
      }
    },
    "Group 5": {
      "probability": 0.0037229083331959656,
      "odds": 269,
      "payouts": {
        "Group 5": 6,
        "Group 7": 16
      }
    },
    "Group 6": {
      "probability": 0.00496387777759462,
      "odds": 201,
      "payouts": {
        "Group 6": 6,
        "Group 7": 4
      }
    },
    "Group 7": {
      "probability": 0.03772547110971911,
      "odds": 27,
      "payouts": {
        "Group 7": 10
      }
    }
  },
  "System 9": {
    "cost": 84,
    "winning_odds": 15,
    "win_something": 0.06674315508728089,
    "win_nothing": 0.9332568449127191,
    "Group 0": {
      "probability": 4.190891181834107e-7,
      "odds": 2386127,
      "payouts": {
        "Group 1": 1,
        "Group 2": 6,
        "Group 3": 12,
        "Group 4": 30,
        "Group 5": 15,
        "Group 6": 20
      }
    },
    "Group 1": {
      "probability": 0.000005587854909112143,
      "odds": 178960,
      "payouts": {
        "Group 1": 1,
        "Group 3": 18,
        "Group 5": 45,
        "Group 7": 20
      }
    },
    "Group 2": {
      "probability": 0.00003352712945467286,
      "odds": 29827,
      "payouts": {
        "Group 2": 1,
        "Group 3": 3,
        "Group 4": 15,
        "Group 5": 15,
        "Group 6": 30,
        "Group 7": 10
      }
    },
    "Group 3": {
      "probability": 0.00032688951218306036,
      "odds": 3059,
      "payouts": {
        "Group 3": 4,
        "Group 5": 30,
        "Group 7": 40
      }
    },
    "Group 4": {
      "probability": 0.0008172237804576508,
      "odds": 1224,
      "payouts": {
        "Group 4": 4,
        "Group 5": 6,
        "Group 6": 24,
        "Group 7": 16
      }
    },
    "Group 5": {
      "probability": 0.006210900731478146,
      "odds": 161,
      "payouts": {
        "Group 5": 10,
        "Group 7": 40
      }
    },
    "Group 6": {
      "probability": 0.008281200975304196,
      "odds": 121,
      "payouts": {
        "Group 6": 10,
        "Group 7": 10
      }
    },
    "Group 7": {
      "probability": 0.05106740601437587,
      "odds": 20,
      "payouts": {
        "Group 7": 20
      }
    }
  },
  "System 10": {
    "cost": 210,
    "winning_odds": 11,
    "win_something": 0.09027063857247548,
    "win_nothing": 0.9097293614275247,
    "Group 0": {
      "probability": 0.0000013969637272780358,
      "odds": 715838,
      "payouts": {
        "Group 1": 1,
        "Group 2": 6,
        "Group 3": 18,
        "Group 4": 45,
        "Group 5": 45,
        "Group 6": 60,
        "Group 7": 20
      }
    },
    "Group 1": {
      "probability": 0.00001362039634096085,
      "odds": 73419,
      "payouts": {
        "Group 1": 1,
        "Group 3": 24,
        "Group 5": 90,
        "Group 7": 80
      }
    },
    "Group 2": {
      "probability": 0.00008172237804576509,
      "odds": 12237,
      "payouts": {
        "Group 2": 1,
        "Group 3": 4,
        "Group 4": 20,
        "Group 5": 30,
        "Group 6": 60,
        "Group 7": 40
      }
    },
    "Group 3": {
      "probability": 0.0006210900731478148,
      "odds": 1610,
      "payouts": {
        "Group 3": 5,
        "Group 5": 50,
        "Group 7": 100
      }
    },
    "Group 4": {
      "probability": 0.0015527251828695366,
      "odds": 644,
      "payouts": {
        "Group 4": 5,
        "Group 5": 10,
        "Group 6": 40,
        "Group 7": 40
      }
    },
    "Group 5": {
      "probability": 0.009575138627695476,
      "odds": 104,
      "payouts": {
        "Group 5": 15,
        "Group 7": 80
      }
    },
    "Group 6": {
      "probability": 0.012766851503593968,
      "odds": 78,
      "payouts": {
        "Group 6": 15,
        "Group 7": 20
      }
    },
    "Group 7": {
      "probability": 0.06565809344705469,
      "odds": 15,
      "payouts": {
        "Group 7": 35
      }
    }
  },
  "System 11": {
    "cost": 462,
    "winning_odds": 9,
    "win_something": 0.1174177349015462,
    "win_nothing": 0.8825822650984538,
    "Group 0": {
      "probability": 0.000003841650250014598,
      "odds": 260305,
      "payouts": {
        "Group 1": 1,
        "Group 2": 6,
        "Group 3": 24,
        "Group 4": 60,
        "Group 5": 90,
        "Group 6": 120,